"2020-01-04 18:57:25",INFO,--,"Starting to install.",259,/home/hidayamoyo/www/modules/payplug/payplug.php
"2020-01-04 18:57:27",INFO,--,"Order state creation starting.",528,/home/hidayamoyo/www/modules/payplug/payplug.php
"2020-01-04 18:57:27",INFO,--,"Order state: paid",646,/home/hidayamoyo/www/modules/payplug/payplug.php
"2020-01-04 18:57:27",INFO,--,"Live context.",649,/home/hidayamoyo/www/modules/payplug/payplug.php
"2020-01-04 18:57:27",INFO,--,"Creating new order state.",656,/home/hidayamoyo/www/modules/payplug/payplug.php
"2020-01-04 18:57:27",INFO,--,"ID: 21",686,/home/hidayamoyo/www/modules/payplug/payplug.php
"2020-01-04 18:57:27",INFO,--,"Test context.",691,/home/hidayamoyo/www/modules/payplug/payplug.php
"2020-01-04 18:57:27",INFO,--,"Creating new order state.",698,/home/hidayamoyo/www/modules/payplug/payplug.php
"2020-01-04 18:57:27",INFO,--,"ID: 21",728,/home/hidayamoyo/www/modules/payplug/payplug.php
"2020-01-04 18:57:27",INFO,--,"Order state: refund",646,/home/hidayamoyo/www/modules/payplug/payplug.php
"2020-01-04 18:57:27",INFO,--,"Live context.",649,/home/hidayamoyo/www/modules/payplug/payplug.php
"2020-01-04 18:57:27",INFO,--,"Creating new order state.",656,/home/hidayamoyo/www/modules/payplug/payplug.php
"2020-01-04 18:57:27",INFO,--,"ID: 23",686,/home/hidayamoyo/www/modules/payplug/payplug.php
"2020-01-04 18:57:27",INFO,--,"Test context.",691,/home/hidayamoyo/www/modules/payplug/payplug.php
"2020-01-04 18:57:27",INFO,--,"Creating new order state.",698,/home/hidayamoyo/www/modules/payplug/payplug.php
"2020-01-04 18:57:27",INFO,--,"ID: 23",728,/home/hidayamoyo/www/modules/payplug/payplug.php
"2020-01-04 18:57:27",INFO,--,"Order state: pending",646,/home/hidayamoyo/www/modules/payplug/payplug.php
"2020-01-04 18:57:27",INFO,--,"Live context.",649,/home/hidayamoyo/www/modules/payplug/payplug.php
"2020-01-04 18:57:27",INFO,--,"Creating new order state.",656,/home/hidayamoyo/www/modules/payplug/payplug.php
"2020-01-04 18:57:27",INFO,--,"ID: 25",686,/home/hidayamoyo/www/modules/payplug/payplug.php
"2020-01-04 18:57:27",INFO,--,"Test context.",691,/home/hidayamoyo/www/modules/payplug/payplug.php
"2020-01-04 18:57:27",INFO,--,"Creating new order state.",698,/home/hidayamoyo/www/modules/payplug/payplug.php
"2020-01-04 18:57:27",INFO,--,"ID: 25",728,/home/hidayamoyo/www/modules/payplug/payplug.php
"2020-01-04 18:57:27",INFO,--,"Order state: error",646,/home/hidayamoyo/www/modules/payplug/payplug.php
"2020-01-04 18:57:27",INFO,--,"Live context.",649,/home/hidayamoyo/www/modules/payplug/payplug.php
"2020-01-04 18:57:27",INFO,--,"Creating new order state.",656,/home/hidayamoyo/www/modules/payplug/payplug.php
"2020-01-04 18:57:27",INFO,--,"ID: 27",686,/home/hidayamoyo/www/modules/payplug/payplug.php
"2020-01-04 18:57:27",INFO,--,"Test context.",691,/home/hidayamoyo/www/modules/payplug/payplug.php
"2020-01-04 18:57:27",INFO,--,"Creating new order state.",698,/home/hidayamoyo/www/modules/payplug/payplug.php
"2020-01-04 18:57:27",INFO,--,"ID: 27",728,/home/hidayamoyo/www/modules/payplug/payplug.php
"2020-01-04 18:57:27",INFO,--,"Order state: auth",646,/home/hidayamoyo/www/modules/payplug/payplug.php
"2020-01-04 18:57:27",INFO,--,"Live context.",649,/home/hidayamoyo/www/modules/payplug/payplug.php
"2020-01-04 18:57:27",INFO,--,"Creating new order state.",656,/home/hidayamoyo/www/modules/payplug/payplug.php
"2020-01-04 18:57:27",INFO,--,"ID: 29",686,/home/hidayamoyo/www/modules/payplug/payplug.php
"2020-01-04 18:57:27",INFO,--,"Test context.",691,/home/hidayamoyo/www/modules/payplug/payplug.php
"2020-01-04 18:57:27",INFO,--,"Creating new order state.",698,/home/hidayamoyo/www/modules/payplug/payplug.php
"2020-01-04 18:57:27",INFO,--,"ID: 29",728,/home/hidayamoyo/www/modules/payplug/payplug.php
"2020-01-04 18:57:27",INFO,--,"Order state: exp",646,/home/hidayamoyo/www/modules/payplug/payplug.php
"2020-01-04 18:57:27",INFO,--,"Live context.",649,/home/hidayamoyo/www/modules/payplug/payplug.php
"2020-01-04 18:57:27",INFO,--,"Creating new order state.",656,/home/hidayamoyo/www/modules/payplug/payplug.php
"2020-01-04 18:57:27",INFO,--,"ID: 31",686,/home/hidayamoyo/www/modules/payplug/payplug.php
"2020-01-04 18:57:27",INFO,--,"Test context.",691,/home/hidayamoyo/www/modules/payplug/payplug.php
"2020-01-04 18:57:27",INFO,--,"Creating new order state.",698,/home/hidayamoyo/www/modules/payplug/payplug.php
"2020-01-04 18:57:27",INFO,--,"ID: 31",728,/home/hidayamoyo/www/modules/payplug/payplug.php
"2020-01-04 18:57:27",INFO,--,"Order state creation ended.",732,/home/hidayamoyo/www/modules/payplug/payplug.php
"2020-01-04 18:57:27",INFO,--,"Installation SQL Starting.",784,/home/hidayamoyo/www/modules/payplug/payplug.php
"2020-01-04 18:57:27",INFO,--,"Installation SQL ended.",877,/home/hidayamoyo/www/modules/payplug/payplug.php
"2020-01-04 18:57:27",INFO,--,"Install succeeded.",303,/home/hidayamoyo/www/modules/payplug/payplug.php
